CREATE DATABASE QLBH
USE QLBH
--DROP DATABASE QLBH

CREATE TABLE KHACHHANG (
	MAKH varchar(50) primary key,
	HOTEN nvarchar(50) NOT NULL,
	GIOITINH nvarchar(5),
	DCHI nvarchar(50),
	SDT varchar(50) NOT NULL
)

CREATE TABLE NGUOIDUNG (
	MAND varchar(50) primary key,
	TENND nvarchar(50) NOT NULL ,
	NGSINH smalldatetime,
	GIOITINH nvarchar(5),
	SDT char(50) NOT NULL ,
	DIACHI nvarchar(50),
	USERNAME char(50),
	PASS nvarchar(max),
	QTV bit NOT NULL DEFAULT (0),
	TTND bit NOT NULL DEFAULT(1),
	AVA varchar(max),
	MAIL varchar(100)
)

CREATE TABLE SANPHAM (
	MASP varchar(50) primary key,
	TENSP nvarchar(50) NOT NULL,
	GIA int NOT NULL,
	MOTA nvarchar(max),
	HINHSP nvarchar(max),
	SL int NOT NULL,
	LOAISP nvarchar(50),
	SIZE nvarchar(50)
)

CREATE TABLE HOADON (
	SOHD int primary key,
	MAND varchar(50),
	MAKH varchar(50),
	NGHD smalldatetime NOT NULL,
	TRIGIA int  NOT NULL,
	KHUYENMAI int	
)

CREATE TABLE PHIEUNHAP (
	MAPN int primary key,
	MAND varchar(50),
	NGAYNHAP smalldatetime NOT NULL 
)

CREATE TABLE CTHD (
	SOHD int,
	MASP varchar(50),
	SL int NOT NULL,
	primary key(SOHD, MASP)
)

CREATE TABLE CTPN (
	MAPN int,
	MASP varchar(50),
	SL int NOT NULL,
	primary key(MAPN, MASP)
)

ALTER TABLE HOADON
ADD CONSTRAINT FK_KH_HD
FOREIGN KEY (MAKH) REFERENCES KHACHHANG(MAKH)

ALTER TABLE HOADON
ADD CONSTRAINT FK_HD_ND
FOREIGN KEY (MAND) REFERENCES NGUOIDUNG(MAND)

ALTER TABLE CTHD
ADD CONSTRAINT FK_CT_HD
FOREIGN KEY (SOHD) REFERENCES HOADON(SOHD)

ALTER TABLE CTHD
ADD CONSTRAINT FK_CT_SP
FOREIGN KEY (MASP) REFERENCES SANPHAM(MASP)

ALTER TABLE CTPN 
ADD CONSTRAINT FK_CN_SP
FOREIGN KEY (MASP) REFERENCES SANPHAM(MASP)

ALTER TABLE CTPN
ADD CONSTRAINT FK_CN_PN
FOREIGN KEY (MAPN) REFERENCES PHIEUNHAP(MAPN)

ALTER TABLE PHIEUNHAP
ADD CONSTRAINT FK_PN_ND
FOREIGN KEY (MAND) REFERENCES NGUOIDUNG(MAND)
GO

INSERT INTO KHACHHANG(MAKH,HOTEN,DCHI, SDT,GIOITINH) VALUES('KH01',N'Trần Tuấn',N'731 Trần Hưng Đạo, Q5, TPHCM','0908823451',N'Nam')
INSERT INTO KHACHHANG(MAKH,HOTEN,DCHI, SDT,GIOITINH) VALUES('KH02',N'Trần Quỳnh',N'23/5 Nguyễn Trãi, Q5, TPHCM','0908256478',N'Nữ')
INSERT INTO KHACHHANG(MAKH,HOTEN,DCHI, SDT,GIOITINH) VALUES('KH03',N'Thị Lài',N'45 Nguyễn Du, Q1, TPHCM','0938776266',N'Nam')
INSERT INTO KHACHHANG(MAKH,HOTEN,DCHI, SDT,GIOITINH) VALUES('KH04',N'Trần Quốc An',N'50/34 Lê Đại Hành, Q10, TPHCM','0917325476',N'Nam')
INSERT INTO KHACHHANG(MAKH,HOTEN,DCHI, SDT,GIOITINH) VALUES('KH05',N'Quan Chí Khánh Chi',N'34 Trương Định, Q3, TPHCM','0908246108',N'Nữ')
INSERT INTO KHACHHANG(MAKH,HOTEN,DCHI, SDT,GIOITINH) VALUES('KH06',N'Quan Quách Tài',N'227 Nguyễn Văn Cừ, Q5, TPHCM','0908631738',N'Nam')
INSERT INTO KHACHHANG(MAKH,HOTEN,DCHI, SDT,GIOITINH) VALUES('KH07',N'Nguyễn Hồ Bảo Sa',N'32/3 Trần Bình Trọng, Q5, TPHCM','0916783565',N'Nam')
INSERT INTO KHACHHANG(MAKH,HOTEN,DCHI, SDT,GIOITINH) VALUES('KH08',N'Phan Thị Hồng',N'45/2 An Dương Vương, Q5, TPHCM','0938435756',N'Nữ')
INSERT INTO KHACHHANG(MAKH,HOTEN,DCHI, SDT,GIOITINH) VALUES('KH09',N'Mỹ Nhung',N'873 Lê Hồng Phong, Q5, TPHCM','0908654763',N'Nữ')
INSERT INTO KHACHHANG(MAKH,HOTEN,DCHI, SDT,GIOITINH) VALUES('KH10',N'Quốc Dũng',N'34/34B Nguyễn Trãi, Q1, TPHCM','0908768904',N'Nam')
GO
INSERT INTO NGUOIDUNG(MAND,TENND,NGSINH,GIOITINH,SDT,DIACHI,USERNAME,PASS,QTV,TTND,AVA,MAIL) VALUES('QL01',N'Tô Thế Kiệt','2003-10-08',N'Nam','0922222222',N'ĐH CNTT, ĐHQG TPHCM','admin1','6fd742a61bd034804c00c49b18045020','1',N'1','/Resource/Ava/kiet.jpg',N'thekiet.contact@gmail.com')
INSERT INTO NGUOIDUNG(MAND,TENND,NGSINH,GIOITINH,SDT,DIACHI,USERNAME,PASS,QTV,TTND,AVA,MAIL) VALUES('NV01',N'Đào Anh Tú','2002-09-15',N'Nam','0933333333',N'ĐH CNTT, ĐHQG TPHCM','user1','6fd742a61bd034804c00c49b18045020','0',N'1','/Resource/Ava/tu.jpg',N'thekiet.contact@gmail.com')
INSERT INTO NGUOIDUNG(MAND,TENND,NGSINH,GIOITINH,SDT,DIACHI,USERNAME,PASS,QTV,TTND,AVA,MAIL) VALUES('NV02',N'Ngô Hữu Thiên','2002-02-17',N'Nam','0944444444',N'Kp6, Linh Trung, Thủ Đức','user2','6fd742a61bd034804c00c49b18045020','0',N'1','/Resource/Image/addava.png',N'thekiet.contact@gmail.com')
INSERT INTO NGUOIDUNG(MAND,TENND,NGSINH,GIOITINH,SDT,DIACHI,USERNAME,PASS,QTV,TTND,AVA,MAIL) VALUES('NV03',N'Nguyễn Thị Sao Mai B','2002-02-18',N'Nữ','0955555555',N'Kp6, Linh Trung, Thủ Đức','user3','6fd742a61bd034804c00c49b18045020','0',N'1','/Resource/Image/addava.png',N'thekiet.contact@gmail.com')
INSERT INTO NGUOIDUNG(MAND,TENND,NGSINH,GIOITINH,SDT,DIACHI,USERNAME,PASS,QTV,TTND,AVA,MAIL) VALUES('NV04',N'Nguyễn Văn Quốc Tuấn','2002-02-19',N'Nam','0966666666',N'Kp6, Linh Trung, Thủ Đức','user4','6fd742a61bd034804c00c49b18045021','0',N'1','/Resource/Image/addava.png',N'thekiet.contact@gmail.com')
INSERT INTO NGUOIDUNG(MAND,TENND,NGSINH,GIOITINH,SDT,DIACHI,USERNAME,PASS,QTV,TTND,AVA,MAIL) VALUES('NV05',N'Nguyễn Xuân Hà','2002-02-20',N'Nữ','0977777777',N'Kp6, Linh Trung, Thủ Đức','user5','6fd742a61bd034804c00c49b18045020','0',N'1','/Resource/Image/addava.png',N'thekiet.contact@gmail.com')
INSERT INTO NGUOIDUNG(MAND,TENND,NGSINH,GIOITINH,SDT,DIACHI,USERNAME,PASS,QTV,TTND,AVA,MAIL) VALUES('NV06',N'Trần Toản','2002-02-21',N'Nam','0988888888',N'Kp6, Linh Trung, Thủ Đức','user6','6fd742a61bd034804c00c49b18045020','0',N'1','/Resource/Image/addava.png',N'thekiet.contact@gmail.com')
INSERT INTO NGUOIDUNG(MAND,TENND,NGSINH,GIOITINH,SDT,DIACHI,USERNAME,PASS,QTV,TTND,AVA,MAIL) VALUES('NV07',N'Nguyễn Hồng Loan','2002-02-22',N'Nữ','0999999999',N'Kp6, Linh Trung, Thủ Đức','user7','6fd742a61bd034804c00c49b18045020','0',N'1','/Resource/Image/addava.png',N'thekiet.contact@gmail.com')
INSERT INTO NGUOIDUNG(MAND,TENND,NGSINH,GIOITINH,SDT,DIACHI,USERNAME,PASS,QTV,TTND,AVA,MAIL) VALUES('NV08',N'Nguyễn Đức Duy','2002-02-23',N'Nam','0911111111',N'Kp6, Linh Trung, Thủ Đức','user8','6fd742a61bd034804c00c49b18045020','0',N'1','/Resource/Image/addava.png',N'thekiet.contact@gmail.com')
INSERT INTO NGUOIDUNG(MAND,TENND,NGSINH,GIOITINH,SDT,DIACHI,USERNAME,PASS,QTV,TTND,AVA,MAIL) VALUES('NV09',N'Nguyễn Hà','2002-02-24',N'Nữ','0900000000',N'Kp6, Linh Trung, Thủ Đức','user9','6fd742a61bd034804c00c49b18045020','0',N'1','/Resource/Image/addava.png',N'thekiet.contact@gmail.com')
GO
INSERT INTO SANPHAM(MASP,TENSP,GIA,MOTA,HINHSP,SL,LOAISP,SIZE) VALUES('AK01',N'Suy Sweater','750000',N'PHẦN VẢI CHÍNH: 100% COTTON

PHẦN CỔ BO: 100% COTTON

HỌA TIẾT TRÀN IN KTS','/Resource/ImgProduct/suy_sweater.jpg','50',N'Áo tay dài','Freesize') 
 INSERT INTO SANPHAM(MASP,TENSP,GIA,MOTA,HINHSP,SL,LOAISP,SIZE) VALUES('AK02',N'Chaotic Jacket Jean','900000',N'98% COTTON, 2% ELASTANE
 XỬ LÝ DISSTRESSED','/Resource/ImgProduct/chaotic_jacket.jpg','50',N'Áo khoác','Freesize') 
 INSERT INTO SANPHAM(MASP,TENSP,GIA,MOTA,HINHSP,SL,LOAISP,SIZE) VALUES('AK03',N'Rabbit Gile','650000',N'PHẦN VẢI CHÍNH: 100% COTTON

PHẦN BO CỔ: 100% COTTON

HOẠT TIẾT HÌNH IN KÉO LỤA','/Resource/ImgProduct/rabbit_gile.jpg','30',N'Áo khoác','Freesize') 
INSERT INTO SANPHAM(MASP,TENSP,GIA,MOTA,HINHSP,SL,LOAISP,SIZE) VALUES('AK04',N'Cross Jacket','680000',N'100% COTTON PHỐI LÓT VẢI BÊN TRONG','/Resource/ImgProduct/cross_jacket.png','35',N'Áo khoác','Freesize')
 INSERT INTO SANPHAM(MASP,TENSP,GIA,MOTA,HINHSP,SL,LOAISP,SIZE) VALUES('AK05',N'Rabbit Cardigan','900000',N'PHẦN VẢI CHÍNH: 100% COTTON

PHẦN BO CỔ: 100% COTTON

PHẦN BO TAY: 100% COTTON

HOẠT TIẾT HÌNH BANH NỈ GAI IN KÉO LỤA','/Resource/ImgProduct/rabbit_cardigan.jpg','30',N'Áo khoác','Freesize') 
 INSERT INTO SANPHAM(MASP,TENSP,GIA,MOTA,HINHSP,SL,LOAISP,SIZE) VALUES('AT01',N'Good Student','350000',N'PHẦN  VẢI: 100% COTTON

PHẦN BO CỔ: 100% COTTON

HỌA TIẾT IN KÉO LỤA THỦ CÔNG','/Resource/ImgProduct/good_student.jpg','100',N'Áo thun','S') 
 INSERT INTO SANPHAM(MASP,TENSP,GIA,MOTA,HINHSP,SL,LOAISP,SIZE) VALUES('AT02',N'Good Student','350000',N'PHẦN  VẢI: 100% COTTON

PHẦN BO CỔ: 100% COTTON

HỌA TIẾT IN KÉO LỤA THỦ CÔNG','/Resource/ImgProduct/good_student.jpg','50',N'Áo thun','M') 
 INSERT INTO SANPHAM(MASP,TENSP,GIA,MOTA,HINHSP,SL,LOAISP,SIZE) VALUES('AT03',N'Good Student','350000',N'PHẦN  VẢI: 100% COTTON

PHẦN BO CỔ: 100% COTTON

HỌA TIẾT IN KÉO LỤA THỦ CÔNG','/Resource/ImgProduct/good_student.jpg','70',N'Áo thun','L') 
 INSERT INTO SANPHAM(MASP,TENSP,GIA,MOTA,HINHSP,SL,LOAISP,SIZE) VALUES('AT04',N'Good Student','350000',N'PHẦN  VẢI: 100% COTTON

PHẦN BO CỔ: 100% COTTON

HỌA TIẾT IN KÉO LỤA THỦ CÔNG','/Resource/ImgProduct/good_student.jpg','30',N'Áo thun','XL') 
 INSERT INTO SANPHAM(MASP,TENSP,GIA,MOTA,HINHSP,SL,LOAISP,SIZE) VALUES('AT05',N'Sample','350000',N'PHẦN  VẢI: 100% COTTON

PHẦN BO CỔ: 100% COTTON

HỌA TIẾT IN KÉO LỤA THỦ CÔNG','/Resource/ImgProduct/sample.jpg','80',N'Áo thun','L') 
 INSERT INTO SANPHAM(MASP,TENSP,GIA,MOTA,HINHSP,SL,LOAISP,SIZE) VALUES('AT06',N'Sample','350000',N'PHẦN  VẢI: 100% COTTON

PHẦN BO CỔ: 100% COTTON

HỌA TIẾT IN KÉO LỤA THỦ CÔNG','/Resource/ImgProduct/sample.jpg','70',N'Áo thun','M') 
 INSERT INTO SANPHAM(MASP,TENSP,GIA,MOTA,HINHSP,SL,LOAISP,SIZE) VALUES('AT07',N'Sample','350000',N'PHẦN  VẢI: 100% COTTON

PHẦN BO CỔ: 100% COTTON

HỌA TIẾT IN KÉO LỤA THỦ CÔNG','/Resource/ImgProduct/sample.jpg','60',N'Áo thun','S') 
 INSERT INTO SANPHAM(MASP,TENSP,GIA,MOTA,HINHSP,SL,LOAISP,SIZE) VALUES('AT08',N'Sample','350000',N'PHẦN  VẢI: 100% COTTON

PHẦN BO CỔ: 100% COTTON

HỌA TIẾT IN KÉO LỤA THỦ CÔNG','/Resource/ImgProduct/sample.jpg','100',N'Áo thun','XL') 
 INSERT INTO SANPHAM(MASP,TENSP,GIA,MOTA,HINHSP,SL,LOAISP,SIZE) VALUES('AT09',N'Pagoda','420000',N'PHẦN  VẢI: 100% COTTON

PHẦN BO CỔ: 100% COTTON

HỌA TIẾT IN KÉO LỤA THỦ CÔNG','/Resource/ImgProduct/pagoda.jpg','50',N'Áo thun','S') 
 INSERT INTO SANPHAM(MASP,TENSP,GIA,MOTA,HINHSP,SL,LOAISP,SIZE) VALUES('AT10',N'Pagoda','420000',N'PHẦN  VẢI: 100% COTTON

PHẦN BO CỔ: 100% COTTON

HỌA TIẾT IN KÉO LỤA THỦ CÔNG','/Resource/ImgProduct/pagoda.jpg','40',N'Áo thun','M') 
 INSERT INTO SANPHAM(MASP,TENSP,GIA,MOTA,HINHSP,SL,LOAISP,SIZE) VALUES('AT11',N'Pagoda','420000',N'PHẦN  VẢI: 100% COTTON

PHẦN BO CỔ: 100% COTTON

HỌA TIẾT IN KÉO LỤA THỦ CÔNG','/Resource/ImgProduct/pagoda.jpg','60',N'Áo thun','L') 
 INSERT INTO SANPHAM(MASP,TENSP,GIA,MOTA,HINHSP,SL,LOAISP,SIZE) VALUES('AT12',N'Pagoda','420000',N'PHẦN  VẢI: 100% COTTON

PHẦN BO CỔ: 100% COTTON

HỌA TIẾT IN KÉO LỤA THỦ CÔNG','/Resource/ImgProduct/pagoda.jpg','30',N'Áo thun','XL') 
 INSERT INTO SANPHAM(MASP,TENSP,GIA,MOTA,HINHSP,SL,LOAISP,SIZE) VALUES('AT13',N'Over Print Tee','350000',N'PHẦN VẢI CHÍNH: 100% COTTON

 PHẦN CỔ BO: 100% COTTON

HỌA TIẾT TRÀN IN KTS','/Resource/ImgProduct/over_print.jpg','30',N'Áo thun','S') 
 INSERT INTO SANPHAM(MASP,TENSP,GIA,MOTA,HINHSP,SL,LOAISP,SIZE) VALUES('AT14',N'Over Print Tee','350000',N'PHẦN VẢI CHÍNH: 100% COTTON

PHẦN CỔ BO: 100% COTTON

HỌA TIẾT TRÀN IN KTS','/Resource/ImgProduct/over_print.jpg','50',N'Áo thun','M') 
INSERT INTO SANPHAM(MASP,TENSP,GIA,MOTA,HINHSP,SL,LOAISP,SIZE) VALUES('AT15',N'Over Print Tee','350000',N'PHẦN VẢI CHÍNH: 100% COTTON

PHẦN CỔ BO: 100% COTTON

HỌA TIẾT TRÀN IN KTS','/Resource/ImgProduct/over_print.jpg','40',N'Áo thun','L')
INSERT INTO SANPHAM(MASP,TENSP,GIA,MOTA,HINHSP,SL,LOAISP,SIZE) VALUES('AT16',N'Over Print Tee','350000',N'PHẦN VẢI CHÍNH: 100% COTTON

PHẦN CỔ BO: 100% COTTON

HỌA TIẾT TRÀN IN KTS','/Resource/ImgProduct/over_print.jpg','20',N'Áo thun','XL')
INSERT INTO SANPHAM(MASP,TENSP,GIA,MOTA,HINHSP,SL,LOAISP,SIZE) VALUES('AT17',N'Blessing','350000',N'PHẦN  VẢI: 100% COTTON

PHẦN BO CỔ: 100% COTTON

HỌA TIẾT IN KÉO LỤA THỦ CÔNG','/Resource/ImgProduct/blessing.jpg','30',N'Áo thun','S')
INSERT INTO SANPHAM(MASP,TENSP,GIA,MOTA,HINHSP,SL,LOAISP,SIZE) VALUES('AT18',N'Blessing','350000',N'PHẦN  VẢI: 100% COTTON

PHẦN BO CỔ: 100% COTTON

HỌA TIẾT IN KÉO LỤA THỦ CÔNG','/Resource/ImgProduct/blessing.jpg','40',N'Áo thun','M')
INSERT INTO SANPHAM(MASP,TENSP,GIA,MOTA,HINHSP,SL,LOAISP,SIZE) VALUES('AT19',N'Blessing','350000',N'PHẦN  VẢI: 100% COTTON

PHẦN BO CỔ: 100% COTTON

HỌA TIẾT IN KÉO LỤA THỦ CÔNG','/Resource/ImgProduct/blessing.jpg','30',N'Áo thun','L')
INSERT INTO SANPHAM(MASP,TENSP,GIA,MOTA,HINHSP,SL,LOAISP,SIZE) VALUES('AT20',N'Blessing','350000',N'PHẦN  VẢI: 100% COTTON

PHẦN BO CỔ: 100% COTTON

HỌA TIẾT IN KÉO LỤA THỦ CÔNG','/Resource/ImgProduct/blessing.jpg','30',N'Áo thun','XL')
INSERT INTO SANPHAM(MASP,TENSP,GIA,MOTA,HINHSP,SL,LOAISP,SIZE) VALUES('AT21',N'Mechabit Tee','350000',N'PHẦN  VẢI: 100% COTTON

PHẦN BO CỔ: 100% COTTON

HỌA TIẾT IN KÉO LỤA THỦ CÔNG','/Resource/ImgProduct/mechabit.jpg','30',N'Áo thun','S')
INSERT INTO SANPHAM(MASP,TENSP,GIA,MOTA,HINHSP,SL,LOAISP,SIZE) VALUES('AT22',N'Mechabit Tee','350000',N'PHẦN  VẢI: 100% COTTON

PHẦN BO CỔ: 100% COTTON

HỌA TIẾT IN KÉO LỤA THỦ CÔNG','/Resource/ImgProduct/mechabit.jpg','40',N'Áo thun','M')
INSERT INTO SANPHAM(MASP,TENSP,GIA,MOTA,HINHSP,SL,LOAISP,SIZE) VALUES('AT23',N'Mechabit Tee','350000',N'PHẦN  VẢI: 100% COTTON

PHẦN BO CỔ: 100% COTTON

HỌA TIẾT IN KÉO LỤA THỦ CÔNG','/Resource/ImgProduct/mechabit.jpg','20',N'Áo thun','L')
INSERT INTO SANPHAM(MASP,TENSP,GIA,MOTA,HINHSP,SL,LOAISP,SIZE) VALUES('AT24',N'Mechabit Tee','350000',N'PHẦN  VẢI: 100% COTTON

PHẦN BO CỔ: 100% COTTON

HỌA TIẾT IN KÉO LỤA THỦ CÔNG','/Resource/ImgProduct/mechabit.jpg','5',N'Áo thun','XL')
INSERT INTO SANPHAM(MASP,TENSP,GIA,MOTA,HINHSP,SL,LOAISP,SIZE) VALUES('AT25',N'Painful','450000',N'PHẦN VẢI CHÍNH: 100% COTTON

PHẦN CỔ BO: 100% COTTON

HỌA TIẾT TRÀN IN KTS','/Resource/ImgProduct/mechabit.jpg','5',N'Áo thun','S')
INSERT INTO SANPHAM(MASP,TENSP,GIA,MOTA,HINHSP,SL,LOAISP,SIZE) VALUES('AT26',N'Painful','450000',N'PHẦN VẢI CHÍNH: 100% COTTON

PHẦN CỔ BO: 100% COTTON

HỌA TIẾT TRÀN IN KTS','/Resource/ImgProduct/painful.jpg','10',N'Áo thun','M')
INSERT INTO SANPHAM(MASP,TENSP,GIA,MOTA,HINHSP,SL,LOAISP,SIZE) VALUES('AT27',N'Painful','450000',N'PHẦN VẢI CHÍNH: 100% COTTON

PHẦN CỔ BO: 100% COTTON

HỌA TIẾT TRÀN IN KTS','/Resource/ImgProduct/painful.jpg','10',N'Áo thun','L')
INSERT INTO SANPHAM(MASP,TENSP,GIA,MOTA,HINHSP,SL,LOAISP,SIZE) VALUES('AT28',N'Painful','450000',N'PHẦN VẢI CHÍNH: 100% COTTON

PHẦN CỔ BO: 100% COTTON

HỌA TIẾT TRÀN IN KTS','/Resource/ImgProduct/painful.jpg','15',N'Áo thun','XL')
INSERT INTO SANPHAM(MASP,TENSP,GIA,MOTA,HINHSP,SL,LOAISP,SIZE) VALUES('AT29',N'Full Rabbit','350000',N'PHẦN  VẢI: 100% COTTON

PHẦN BO CỔ: 100% COTTON

HỌA TIẾT IN KÉO LỤA THỦ CÔNG','/Resource/ImgProduct/full_rabbit.jpg','50',N'Áo thun','S')
INSERT INTO SANPHAM(MASP,TENSP,GIA,MOTA,HINHSP,SL,LOAISP,SIZE) VALUES('AT30',N'Full Rabbit','350000',N'PHẦN  VẢI: 100% COTTON

PHẦN BO CỔ: 100% COTTON

HỌA TIẾT IN KÉO LỤA THỦ CÔNG','/Resource/ImgProduct/full_rabbit.jpg','50',N'Áo thun','M')
INSERT INTO SANPHAM(MASP,TENSP,GIA,MOTA,HINHSP,SL,LOAISP,SIZE) VALUES('AT31',N'Full Rabbit','350000',N'PHẦN  VẢI: 100% COTTON

PHẦN BO CỔ: 100% COTTON

HỌA TIẾT IN KÉO LỤA THỦ CÔNG','/Resource/ImgProduct/full_rabbit.jpg','30',N'Áo thun','L')
INSERT INTO SANPHAM(MASP,TENSP,GIA,MOTA,HINHSP,SL,LOAISP,SIZE) VALUES('AT32',N'Full Rabbit','350000',N'PHẦN  VẢI: 100% COTTON

PHẦN BO CỔ: 100% COTTON

HỌA TIẾT IN KÉO LỤA THỦ CÔNG','/Resource/ImgProduct/full_rabbit.jpg','30',N'Áo thun','XL')
INSERT INTO SANPHAM(MASP,TENSP,GIA,MOTA,HINHSP,SL,LOAISP,SIZE) VALUES('AT33',N'Rabbit Cyber','350000',N'PHẦN  VẢI: 100% COTTON

PHẦN BO CỔ: 100% COTTON

HỌA TIẾT IN KÉO LỤA THỦ CÔNG','/Resource/ImgProduct/rabbit_cyber.jpg','50',N'Áo thun','S')
INSERT INTO SANPHAM(MASP,TENSP,GIA,MOTA,HINHSP,SL,LOAISP,SIZE) VALUES('AT34',N'Rabbit Cyber','350000',N'PHẦN  VẢI: 100% COTTON

PHẦN BO CỔ: 100% COTTON

HỌA TIẾT IN KÉO LỤA THỦ CÔNG','/Resource/ImgProduct/rabbit_cyber.jpg','30',N'Áo thun','M')
INSERT INTO SANPHAM(MASP,TENSP,GIA,MOTA,HINHSP,SL,LOAISP,SIZE) VALUES('AT35',N'Rabbit Cyber','350000',N'PHẦN  VẢI: 100% COTTON

PHẦN BO CỔ: 100% COTTON

HỌA TIẾT IN KÉO LỤA THỦ CÔNG','/Resource/ImgProduct/rabbit_cyber.jpg','30',N'Áo thun','L')
INSERT INTO SANPHAM(MASP,TENSP,GIA,MOTA,HINHSP,SL,LOAISP,SIZE) VALUES('AT36',N'Rabbit Cyber','350000',N'PHẦN  VẢI: 100% COTTON

PHẦN BO CỔ: 100% COTTON

HỌA TIẾT IN KÉO LỤA THỦ CÔNG','/Resource/ImgProduct/rabbit_cyber.jpg','30',N'Áo thun','XL')
INSERT INTO SANPHAM(MASP,TENSP,GIA,MOTA,HINHSP,SL,LOAISP,SIZE) VALUES('AT37',N'Lucky You Tee','350000',N'PHẦN  VẢI: 100% COTTON

PHẦN BO CỔ: 100% COTTON

HỌA TIẾT IN KÉO LỤA THỦ CÔNG','/Resource/ImgProduct/lucky_you.jpg','20',N'Áo thun','S')
INSERT INTO SANPHAM(MASP,TENSP,GIA,MOTA,HINHSP,SL,LOAISP,SIZE) VALUES('AT38',N'Lucky You Tee','350000',N'PHẦN  VẢI: 100% COTTON

PHẦN BO CỔ: 100% COTTON

HỌA TIẾT IN KÉO LỤA THỦ CÔNG','/Resource/ImgProduct/lucky_you.jpg','15',N'Áo thun','M')
INSERT INTO SANPHAM(MASP,TENSP,GIA,MOTA,HINHSP,SL,LOAISP,SIZE) VALUES('AT39',N'Lucky You Tee','350000',N'PHẦN  VẢI: 100% COTTON

PHẦN BO CỔ: 100% COTTON

HỌA TIẾT IN KÉO LỤA THỦ CÔNG','/Resource/ImgProduct/lucky_you.jpg','35',N'Áo thun','L')
INSERT INTO SANPHAM(MASP,TENSP,GIA,MOTA,HINHSP,SL,LOAISP,SIZE) VALUES('AT40',N'Lucky You Tee','350000',N'PHẦN  VẢI: 100% COTTON

PHẦN BO CỔ: 100% COTTON

HỌA TIẾT IN KÉO LỤA THỦ CÔNG','/Resource/ImgProduct/lucky_you.jpg','25',N'Áo thun','XL')
INSERT INTO SANPHAM(MASP,TENSP,GIA,MOTA,HINHSP,SL,LOAISP,SIZE) VALUES('AT41',N'Good Rabbit','350000',N'PHẦN  VẢI: 100% COTTON

PHẦN BO CỔ: 100% COTTON

HỌA TIẾT IN KÉO LỤA THỦ CÔNG','/Resource/ImgProduct/good_rabbit.jpg','30',N'Áo thun','S')
INSERT INTO SANPHAM(MASP,TENSP,GIA,MOTA,HINHSP,SL,LOAISP,SIZE) VALUES('AT42',N'Good Rabbit','350000',N'PHẦN  VẢI: 100% COTTON

PHẦN BO CỔ: 100% COTTON

HỌA TIẾT IN KÉO LỤA THỦ CÔNG','/Resource/ImgProduct/good_rabbit.jpg','40',N'Áo thun','M')
INSERT INTO SANPHAM(MASP,TENSP,GIA,MOTA,HINHSP,SL,LOAISP,SIZE) VALUES('AT43',N'Good Rabbit','350000',N'PHẦN  VẢI: 100% COTTON

PHẦN BO CỔ: 100% COTTON

HỌA TIẾT IN KÉO LỤA THỦ CÔNG','/Resource/ImgProduct/good_rabbit.jpg','20',N'Áo thun','L')
INSERT INTO SANPHAM(MASP,TENSP,GIA,MOTA,HINHSP,SL,LOAISP,SIZE) VALUES('AT44',N'Good Rabbit','350000',N'PHẦN  VẢI: 100% COTTON

PHẦN BO CỔ: 100% COTTON

HỌA TIẾT IN KÉO LỤA THỦ CÔNG','/Resource/ImgProduct/good_rabbit.jpg','15',N'Áo thun','XL')
INSERT INTO SANPHAM(MASP,TENSP,GIA,MOTA,HINHSP,SL,LOAISP,SIZE) VALUES('AT45',N'Ruby Tie Dye Tee','420000',N'VẢI CHÍNH: 100% COTTON

BO CỔ: 100% COTTON

MÀU: KỸ THUẬT NHUỘM THỦ CÔNG','/Resource/ImgProduct/ruby_tie_dye.jpg','20',N'Áo thun','S')
INSERT INTO SANPHAM(MASP,TENSP,GIA,MOTA,HINHSP,SL,LOAISP,SIZE) VALUES('AT46',N'Ruby Tie Dye Tee','420000',N'VẢI CHÍNH: 100% COTTON

BO CỔ: 100% COTTON

MÀU: KỸ THUẬT NHUỘM THỦ CÔNG','/Resource/ImgProduct/ruby_tie_dye.jpg','30',N'Áo thun','M')
INSERT INTO SANPHAM(MASP,TENSP,GIA,MOTA,HINHSP,SL,LOAISP,SIZE) VALUES('AT47',N'Ruby Tie Dye Tee','420000',N'VẢI CHÍNH: 100% COTTON

BO CỔ: 100% COTTON

MÀU: KỸ THUẬT NHUỘM THỦ CÔNG','/Resource/ImgProduct/ruby_tie_dye.jpg','40',N'Áo thun','L')
INSERT INTO SANPHAM(MASP,TENSP,GIA,MOTA,HINHSP,SL,LOAISP,SIZE) VALUES('AT48',N'Ruby Tie Dye Tee','420000',N'VẢI CHÍNH: 100% COTTON

BO CỔ: 100% COTTON

MÀU: KỸ THUẬT NHUỘM THỦ CÔNG','/Resource/ImgProduct/ruby_tie_dye.jpg','20',N'Áo thun','XL')
INSERT INTO SANPHAM(MASP,TENSP,GIA,MOTA,HINHSP,SL,LOAISP,SIZE) VALUES('AT49',N'Excited','450000',N'PHẦN  VẢI: 100% COTTON

PHẦN BO CỔ: 100% COTTON

HỌA TIẾT IN KÉO LỤA THỦ CÔNG','/Resource/ImgProduct/excited.jpg','20',N'Áo thun','S')
INSERT INTO SANPHAM(MASP,TENSP,GIA,MOTA,HINHSP,SL,LOAISP,SIZE) VALUES('AT50',N'Excited','450000',N'PHẦN  VẢI: 100% COTTON

PHẦN BO CỔ: 100% COTTON

HỌA TIẾT IN KÉO LỤA THỦ CÔNG','/Resource/ImgProduct/excited.jpg','15',N'Áo thun','M')
INSERT INTO SANPHAM(MASP,TENSP,GIA,MOTA,HINHSP,SL,LOAISP,SIZE) VALUES('AT51',N'Excited','450000',N'PHẦN  VẢI: 100% COTTON

PHẦN BO CỔ: 100% COTTON

HỌA TIẾT IN KÉO LỤA THỦ CÔNG','/Resource/ImgProduct/excited.jpg','20',N'Áo thun','L')
INSERT INTO SANPHAM(MASP,TENSP,GIA,MOTA,HINHSP,SL,LOAISP,SIZE) VALUES('AT52',N'Excited','450000',N'PHẦN  VẢI: 100% COTTON

PHẦN BO CỔ: 100% COTTON

HỌA TIẾT IN KÉO LỤA THỦ CÔNG','/Resource/ImgProduct/excited.jpg','30',N'Áo thun','XL')
INSERT INTO SANPHAM(MASP,TENSP,GIA,MOTA,HINHSP,SL,LOAISP,SIZE) VALUES('SM01',N'Striped Shirt','480000',N'PHẦN VẢI CHÍNH: 65% POLYESTER 35% COTTON

HỌA TIẾT IN CHUYỂN NHIỆT','/Resource/ImgProduct/striped_shirt.jpg','50',N'Áo sơ mi','Freesize')
INSERT INTO SANPHAM(MASP,TENSP,GIA,MOTA,HINHSP,SL,LOAISP,SIZE) VALUES('SM02',N'Pattern Shirt','520000',N'PHẦN VẢI CHÍNH: 100% COTTON

PHẦN CỔ BO: 100% COTTON

HỌA TIẾT TRÀN IN KTS','/Resource/ImgProduct/pattern_shirt.jpg','45',N'Áo sơ mi','Freesize')
INSERT INTO SANPHAM(MASP,TENSP,GIA,MOTA,HINHSP,SL,LOAISP,SIZE) VALUES('SM03',N'Comic Shirt','520000',N'PHẦN VẢI CHÍNH: 65% POLYESTER 35% COTTON

HỌA TIẾT IN CHUYỂN NHIỆT','/Resource/ImgProduct/comic_shirt.jpg','30',N'Áo sơ mi','Freesize')
INSERT INTO SANPHAM(MASP,TENSP,GIA,MOTA,HINHSP,SL,LOAISP,SIZE) VALUES('TK01',N'Mascot Tattooss Hoodie','520000',N'- Chất Liệu: Vải nỉ bông

- Chất liệu in: in lụa','/Resource/ImgProduct/Hoodie1.jpg','30',N'Áo trùm đầu','M')
INSERT INTO SANPHAM(MASP,TENSP,GIA,MOTA,HINHSP,SL,LOAISP,SIZE) VALUES('TK02',N'Flower Hoodie','520000',N'- Chất Liệu: Vải nỉ bông

- Chất liệu in: in lụa','/Resource/ImgProduct/Hoodie2.jpg','50',N'Áo trùm đầu','M')
INSERT INTO SANPHAM(MASP,TENSP,GIA,MOTA,HINHSP,SL,LOAISP,SIZE) VALUES('TK03',N'Paint Mascot Hoodie','520000',N'- Chất Liệu: Vải nỉ bông

- Chất liệu in: in lụa','/Resource/ImgProduct/Hoodie3.jpg','50',N'Áo trùm đầu','M')
INSERT INTO SANPHAM(MASP,TENSP,GIA,MOTA,HINHSP,SL,LOAISP,SIZE) VALUES('TK04',N'Time-Stop Hoodie','490000',N'- Chất Liệu: Vải nỉ bông

- Chất liệu in: in lụa','/Resource/ImgProduct/Hoodie4.jpg','50',N'Áo trùm đầu','M')
INSERT INTO SANPHAM(MASP,TENSP,GIA,MOTA,HINHSP,SL,LOAISP,SIZE) VALUES('TK05',N'Sweater Tiedye','490000',N'- Chất Liệu: Vải nỉ bông

- Chất liệu in: in lụa','/Resource/ImgProduct/Sweater1.jpg','50',N'Áo tay dài','M')
INSERT INTO SANPHAM(MASP,TENSP,GIA,MOTA,HINHSP,SL,LOAISP,SIZE) VALUES('TK06',N'Basic Sweater','490000',N'- Chất Liệu: Vải nỉ bông

- Chất liệu in: in lụa','/Resource/ImgProduct/Sweater2.jpg','50',N'Áo tay dài','M')
INSERT INTO SANPHAM(MASP,TENSP,GIA,MOTA,HINHSP,SL,LOAISP,SIZE) VALUES('TK07',N'Mascot Sweater','470000',N'- Chất Liệu: Vải nỉ bông

- Chất liệu in: in lụa','/Resource/ImgProduct/Sweater3.jpg','50',N'Áo tay dài','M')
INSERT INTO SANPHAM(MASP,TENSP,GIA,MOTA,HINHSP,SL,LOAISP,SIZE) VALUES('TK08',N'I''m Sick Sweater','470000',N'- Chất Liệu: Vải nỉ bông

- Chất liệu in: in lụa','/Resource/ImgProduct/Sweater4.jpg','50',N'Áo tay dài','M')
INSERT INTO SANPHAM(MASP,TENSP,GIA,MOTA,HINHSP,SL,LOAISP,SIZE) VALUES('TK09',N'OutDoor Jacket','520000',N'- Chất liệu : Dù 2 lớp

- Phối màu: Xanh Đen - Vàng

- Chi tiết : Thêu nổi 3d 100 cotton

- Phối tay : Phản quang','/Resource/ImgProduct/Jacket1.jpg','50',N'Áo khoác','M')
INSERT INTO SANPHAM(MASP,TENSP,GIA,MOTA,HINHSP,SL,LOAISP,SIZE) VALUES('TK10',N'Clownz Jacket','850000',N'- Chất liệu: vải dạ (lót 2 lớp)

- Màu sắc: Đen, xanh

- Dáng xuông rộng

- Sử dụng khuy dập

- Mặt sau: Hình thêu logo sử dụng chất liệu bông xù','/Resource/ImgProduct/Jacket2.jpg','50',N'Áo khoác','M')
INSERT INTO SANPHAM(MASP,TENSP,GIA,MOTA,HINHSP,SL,LOAISP,SIZE) VALUES('TK11',N'EMGO VARSITY ','890000',N'MATERIAL: CORDUROY (COTTON + POLY)','/Resource/ImgProduct/Jacket3.jpg','50',N'Áo khoác','M')
INSERT INTO SANPHAM(MASP,TENSP,GIA,MOTA,HINHSP,SL,LOAISP,SIZE) VALUES('TK12',N'Basic Sweapant - Black','420000',N'Chất liệu: Vải dù.

Họa tiết thêu

Form quần ống suông','/Resource/ImgProduct/quan1.jpg','50',N'Quần','M')
INSERT INTO SANPHAM(MASP,TENSP,GIA,MOTA,HINHSP,SL,LOAISP,SIZE) VALUES('TK13',N'Line Pants - Black','420000',N'Chất liệu: Vải dù.

Họa tiết thêu

Form quần ống suông','/Resource/ImgProduct/quan2.jpg','50',N'Quần','M')
INSERT INTO SANPHAM(MASP,TENSP,GIA,MOTA,HINHSP,SL,LOAISP,SIZE) VALUES('TK14',N'Black/ White Pants','420000',N'Chất liệu: Vải dù.

Họa tiết thêu

Form quần ống suông','/Resource/ImgProduct/quan3.jpg','50',N'Quần','M')
INSERT INTO SANPHAM(MASP,TENSP,GIA,MOTA,HINHSP,SL,LOAISP,SIZE) VALUES('TK15',N'Mascot Short - Black','350000',N'Chất liệu: Vải chân cua

Chất liệu in: kéo lụa','/Resource/ImgProduct/quan4.jpg','50',N'Quần','M')
INSERT INTO SANPHAM(MASP,TENSP,GIA,MOTA,HINHSP,SL,LOAISP,SIZE) VALUES('TK16',N'Terry Short - Pink','350000',N'Chất liệu vải : Chân Cua (Vải thun dày)

Họa tiết :  Thêu

','/Resource/ImgProduct/quan5.jpg','50',N'Quần','M')
INSERT INTO SANPHAM(MASP,TENSP,GIA,MOTA,HINHSP,SL,LOAISP,SIZE) VALUES('TK17',N'Backpack - BGW','550000',N'','/Resource/ImgProduct/cap1.jpg','50',N'Phụ kiện','Freesize')
INSERT INTO SANPHAM(MASP,TENSP,GIA,MOTA,HINHSP,SL,LOAISP,SIZE) VALUES('TK18',N'Mascot Wallet','220000',N'','/Resource/ImgProduct/tui1.jpg','50',N'Phụ kiện','Freesize')
INSERT INTO SANPHAM(MASP,TENSP,GIA,MOTA,HINHSP,SL,LOAISP,SIZE) VALUES('TK19',N'Messenger Bag','380000',N'','/Resource/ImgProduct/tui2.jpg','50',N'Phụ kiện','Freesize')
INSERT INTO SANPHAM(MASP,TENSP,GIA,MOTA,HINHSP,SL,LOAISP,SIZE) VALUES('TK20',N'University Buckets','250000',N'','/Resource/ImgProduct/non1.jpg','50',N'Phụ kiện','Freesize')
GO
INSERT INTO HOADON(SOHD,MAND,MAKH,NGHD,TRIGIA,KHUYENMAI) VALUES('1','NV01','KH01','2022-05-30','4000000','0')
INSERT INTO HOADON(SOHD,MAND,MAKH,NGHD,TRIGIA,KHUYENMAI) VALUES('2','NV02','KH02','2022-06-03','260000','0')
INSERT INTO HOADON(SOHD,MAND,MAKH,NGHD,TRIGIA,KHUYENMAI) VALUES('3','NV01','KH01','2022-05-30','2100000','2')
INSERT INTO HOADON(SOHD,MAND,MAKH,NGHD,TRIGIA,KHUYENMAI) VALUES('4','NV01','KH03','2022-07-30','1060000','0')
INSERT INTO HOADON(SOHD,MAND,MAKH,NGHD,TRIGIA,KHUYENMAI) VALUES('5','NV02','KH04','2022-08-30','5460000','0')
INSERT INTO HOADON(SOHD,MAND,MAKH,NGHD,TRIGIA,KHUYENMAI) VALUES('6','NV03','KH01','2022-09-01','5836800','5')
INSERT INTO HOADON(SOHD,MAND,MAKH,NGHD,TRIGIA,KHUYENMAI) VALUES('7','NV03','KH05','2022-07-31','1764000','0')
INSERT INTO HOADON(SOHD,MAND,MAKH,NGHD,TRIGIA,KHUYENMAI) VALUES('8','NV03','KH03','2022-01-31','2868000','0')
INSERT INTO HOADON(SOHD,MAND,MAKH,NGHD,TRIGIA,KHUYENMAI) VALUES('9','NV02','KH06','2022-05-30','420000','0')
INSERT INTO HOADON(SOHD,MAND,MAKH,NGHD,TRIGIA,KHUYENMAI) VALUES('10','NV01','KH02','2022-10-31','2964000','0')
INSERT INTO HOADON(SOHD,MAND,MAKH,NGHD,TRIGIA,KHUYENMAI) VALUES('11','NV03','KH03','2022-01-12','529200','2')
INSERT INTO HOADON(SOHD,MAND,MAKH,NGHD,TRIGIA,KHUYENMAI) VALUES('12','NV03','KH06','2022-12-21','1260000','0')
INSERT INTO HOADON(SOHD,MAND,MAKH,NGHD,TRIGIA,KHUYENMAI) VALUES('13','NV01','KH07','2022-01-31','924000','0')
INSERT INTO HOADON(SOHD,MAND,MAKH,NGHD,TRIGIA,KHUYENMAI) VALUES('14','NV01','KH08','2022-02-02','7620000','0')
INSERT INTO HOADON(SOHD,MAND,MAKH,NGHD,TRIGIA,KHUYENMAI) VALUES('15','NV01','KH01','2022-03-11','1450100','10')
INSERT INTO HOADON(SOHD,MAND,MAKH,NGHD,TRIGIA,KHUYENMAI) VALUES('16','NV02','KH02','2022-04-21','547200','5')
INSERT INTO HOADON(SOHD,MAND,MAKH,NGHD,TRIGIA,KHUYENMAI) VALUES('17','NV03','KH09','2022-05-31','420000','0')
INSERT INTO HOADON(SOHD,MAND,MAKH,NGHD,TRIGIA,KHUYENMAI) VALUES('18','NV03','KH10','2022-06-12','840000','0')
INSERT INTO HOADON(SOHD,MAND,MAKH,NGHD,TRIGIA,KHUYENMAI) VALUES('19','NV01','KH02','2022-07-22','2188800','5')
INSERT INTO HOADON(SOHD,MAND,MAKH,NGHD,TRIGIA,KHUYENMAI) VALUES('20','NV02','KH09','2022-08-23','3306000','0')
INSERT INTO HOADON(SOHD,MAND,MAKH,NGHD,TRIGIA,KHUYENMAI) VALUES('21','NV01','KH05','2022-09-23','900000','0')
INSERT INTO HOADON(SOHD,MAND,MAKH,NGHD,TRIGIA,KHUYENMAI) VALUES('22','NV03','KH04','2022-10-13','200000','5')
INSERT INTO HOADON(SOHD,MAND,MAKH,NGHD,TRIGIA,KHUYENMAI) VALUES('23','NV01','KH07','2022-09-13','2002000','0')
GO
INSERT INTO CTHD(SOHD,MASP,SL) VALUES('1','AK05','3')
INSERT INTO CTHD(SOHD,MASP,SL) VALUES('1','AT01','2')
INSERT INTO CTHD(SOHD,MASP,SL) VALUES('2','AT13','1')
INSERT INTO CTHD(SOHD,MASP,SL) VALUES('2','AK04','1')
INSERT INTO CTHD(SOHD,MASP,SL) VALUES('2','AT27','2')
INSERT INTO CTHD(SOHD,MASP,SL) VALUES('3','AT50','1')
INSERT INTO CTHD(SOHD,MASP,SL) VALUES('3','AT21','1')
INSERT INTO CTHD(SOHD,MASP,SL) VALUES('3','AT14','3')
INSERT INTO CTHD(SOHD,MASP,SL) VALUES('4','AT52','1')
INSERT INTO CTHD(SOHD,MASP,SL) VALUES('4','AT02','1')
INSERT INTO CTHD(SOHD,MASP,SL) VALUES('5','AK02','2')
INSERT INTO CTHD(SOHD,MASP,SL) VALUES('5','AK03','1')
INSERT INTO CTHD(SOHD,MASP,SL) VALUES('5','AT05','1')
INSERT INTO CTHD(SOHD,MASP,SL) VALUES('5','AT07','2')
INSERT INTO CTHD(SOHD,MASP,SL) VALUES('5','AT19','3')
INSERT INTO CTHD(SOHD,MASP,SL) VALUES('6','AT14','1')
INSERT INTO CTHD(SOHD,MASP,SL) VALUES('6','AT18','2')
INSERT INTO CTHD(SOHD,MASP,SL) VALUES('6','SM02','1')
INSERT INTO CTHD(SOHD,MASP,SL) VALUES('6','AK01','1')
INSERT INTO CTHD(SOHD,MASP,SL) VALUES('6','AT06','2')
INSERT INTO CTHD(SOHD,MASP,SL) VALUES('6','AT22','1')
INSERT INTO CTHD(SOHD,MASP,SL) VALUES('6','AT03','1')
INSERT INTO CTHD(SOHD,MASP,SL) VALUES('6','AT40','4')
INSERT INTO CTHD(SOHD,MASP,SL) VALUES('7','AT10','1')
INSERT INTO CTHD(SOHD,MASP,SL) VALUES('7','AT33','3')
INSERT INTO CTHD(SOHD,MASP,SL) VALUES('8','AT18','1')
INSERT INTO CTHD(SOHD,MASP,SL) VALUES('8','AK04','3')
INSERT INTO CTHD(SOHD,MASP,SL) VALUES('9','AT07','1')
INSERT INTO CTHD(SOHD,MASP,SL) VALUES('10','AT03','2')
INSERT INTO CTHD(SOHD,MASP,SL) VALUES('10','SM02','1')
INSERT INTO CTHD(SOHD,MASP,SL) VALUES('10','AT44','1')
INSERT INTO CTHD(SOHD,MASP,SL) VALUES('10','AT49','2')
INSERT INTO CTHD(SOHD,MASP,SL) VALUES('11','AT26','1')
INSERT INTO CTHD(SOHD,MASP,SL) VALUES('12','AT22','3')
INSERT INTO CTHD(SOHD,MASP,SL) VALUES('13','AT11','1')
INSERT INTO CTHD(SOHD,MASP,SL) VALUES('13','AT23','1')
INSERT INTO CTHD(SOHD,MASP,SL) VALUES('14','AK03','4')
INSERT INTO CTHD(SOHD,MASP,SL) VALUES('14','AT51','1')
INSERT INTO CTHD(SOHD,MASP,SL) VALUES('14','AK04','1')
INSERT INTO CTHD(SOHD,MASP,SL) VALUES('14','SM03','1')
INSERT INTO CTHD(SOHD,MASP,SL) VALUES('14','AT22','5')
INSERT INTO CTHD(SOHD,MASP,SL) VALUES('14','AT02','1')
INSERT INTO CTHD(SOHD,MASP,SL) VALUES('15','AT10','1')
INSERT INTO CTHD(SOHD,MASP,SL) VALUES('15','AT01','1')
INSERT INTO CTHD(SOHD,MASP,SL) VALUES('15','AT05','1')
INSERT INTO CTHD(SOHD,MASP,SL) VALUES('16','SM01','1')
INSERT INTO CTHD(SOHD,MASP,SL) VALUES('17','AT24','1')
INSERT INTO CTHD(SOHD,MASP,SL) VALUES('18','AT36','1')
INSERT INTO CTHD(SOHD,MASP,SL) VALUES('18','AT07','1')
INSERT INTO CTHD(SOHD,MASP,SL) VALUES('19','AT37','2')
INSERT INTO CTHD(SOHD,MASP,SL) VALUES('19','AT42','1')
INSERT INTO CTHD(SOHD,MASP,SL) VALUES('19','AT49','1')
INSERT INTO CTHD(SOHD,MASP,SL) VALUES('19','AT11','1')
INSERT INTO CTHD(SOHD,MASP,SL) VALUES('20','AT05','1')
INSERT INTO CTHD(SOHD,MASP,SL) VALUES('20','AK02','2')
INSERT INTO CTHD(SOHD,MASP,SL) VALUES('20','AK04','1')
INSERT INTO CTHD(SOHD,MASP,SL) VALUES('21','AK01','1')
INSERT INTO CTHD(SOHD,MASP,SL) VALUES('21','AT10','1')
INSERT INTO CTHD(SOHD,MASP,SL) VALUES('22','SM01','1')
INSERT INTO CTHD(SOHD,MASP,SL) VALUES('22','AT04','1')
INSERT INTO CTHD(SOHD,MASP,SL) VALUES('22','AT19','3')
INSERT INTO CTHD(SOHD,MASP,SL) VALUES('23','AK05','1')
INSERT INTO CTHD(SOHD,MASP,SL) VALUES('23','AT20','1')
INSERT INTO CTHD(SOHD,MASP,SL) VALUES('23','AT45','1')
GO
INSERT INTO PHIEUNHAP(MAPN,MAND,NGAYNHAP) VALUES('1','NV01','2022-09-20')
INSERT INTO PHIEUNHAP(MAPN,MAND,NGAYNHAP) VALUES('2','NV02','2022-12-23')
INSERT INTO PHIEUNHAP(MAPN,MAND,NGAYNHAP) VALUES('3','NV03','2022-11-17')
INSERT INTO PHIEUNHAP(MAPN,MAND,NGAYNHAP) VALUES('4','NV01','2022-10-19')
INSERT INTO PHIEUNHAP(MAPN,MAND,NGAYNHAP) VALUES('5','NV02','2022-11-10')
INSERT INTO PHIEUNHAP(MAPN,MAND,NGAYNHAP) VALUES('6','NV05','2022-03-11')
INSERT INTO PHIEUNHAP(MAPN,MAND,NGAYNHAP) VALUES('7','NV06','2022-07-13')
INSERT INTO PHIEUNHAP(MAPN,MAND,NGAYNHAP) VALUES('8','NV07','2022-08-17')
INSERT INTO PHIEUNHAP(MAPN,MAND,NGAYNHAP) VALUES('9','NV08','2022-08-19')
INSERT INTO PHIEUNHAP(MAPN,MAND,NGAYNHAP) VALUES('10','QL01','2022-09-20')
GO
INSERT INTO CTPN(MAPN,MASP,SL) VALUES('1','AT01','100')
INSERT INTO CTPN(MAPN,MASP,SL) VALUES('1','AT02','50')
INSERT INTO CTPN(MAPN,MASP,SL) VALUES('1','AT03','70')
INSERT INTO CTPN(MAPN,MASP,SL) VALUES('1','AT04','30')
INSERT INTO CTPN(MAPN,MASP,SL) VALUES('1','AT05','50')
INSERT INTO CTPN(MAPN,MASP,SL) VALUES('1','AT06','40')
INSERT INTO CTPN(MAPN,MASP,SL) VALUES('1','AT07','50')
INSERT INTO CTPN(MAPN,MASP,SL) VALUES('1','AT08','100')
INSERT INTO CTPN(MAPN,MASP,SL) VALUES('2','AK01','50')
INSERT INTO CTPN(MAPN,MASP,SL) VALUES('2','AK02','50')
INSERT INTO CTPN(MAPN,MASP,SL) VALUES('2','AT29','50')
INSERT INTO CTPN(MAPN,MASP,SL) VALUES('2','AT30','50')
INSERT INTO CTPN(MAPN,MASP,SL) VALUES('2','AT31','30')
INSERT INTO CTPN(MAPN,MASP,SL) VALUES('2','AT32','30')
INSERT INTO CTPN(MAPN,MASP,SL) VALUES('3','AT33','50')
INSERT INTO CTPN(MAPN,MASP,SL) VALUES('3','AT34','30')
INSERT INTO CTPN(MAPN,MASP,SL) VALUES('3','AT35','30')
INSERT INTO CTPN(MAPN,MASP,SL) VALUES('3','AT36','30')
INSERT INTO CTPN(MAPN,MASP,SL) VALUES('4','SM01','50')
INSERT INTO CTPN(MAPN,MASP,SL) VALUES('4','SM02','30')
INSERT INTO CTPN(MAPN,MASP,SL) VALUES('4','SM03','30')
INSERT INTO CTPN(MAPN,MASP,SL) VALUES('5','AT13','20')
INSERT INTO CTPN(MAPN,MASP,SL) VALUES('5','AT14','20')
INSERT INTO CTPN(MAPN,MASP,SL) VALUES('5','AT15','20')
INSERT INTO CTPN(MAPN,MASP,SL) VALUES('5','AT16','20')
INSERT INTO CTPN(MAPN,MASP,SL) VALUES('5','AT17','30')
INSERT INTO CTPN(MAPN,MASP,SL) VALUES('5','AT18','30')
INSERT INTO CTPN(MAPN,MASP,SL) VALUES('5','AT19','30')
INSERT INTO CTPN(MAPN,MASP,SL) VALUES('5','AT20','30')
INSERT INTO CTPN(MAPN,MASP,SL) VALUES('6','AT21','30')
INSERT INTO CTPN(MAPN,MASP,SL) VALUES('6','AT22','30')
INSERT INTO CTPN(MAPN,MASP,SL) VALUES('6','AT23','30')
INSERT INTO CTPN(MAPN,MASP,SL) VALUES('6','AT24','30')
INSERT INTO CTPN(MAPN,MASP,SL) VALUES('7','AT25','30')
INSERT INTO CTPN(MAPN,MASP,SL) VALUES('7','AT26','30')
INSERT INTO CTPN(MAPN,MASP,SL) VALUES('8','AT27','30')
INSERT INTO CTPN(MAPN,MASP,SL) VALUES('8','AT28','30')
INSERT INTO CTPN(MAPN,MASP,SL) VALUES('9','AT09','30')
INSERT INTO CTPN(MAPN,MASP,SL) VALUES('9','AT10','30')
INSERT INTO CTPN(MAPN,MASP,SL) VALUES('10','AT11','30')
INSERT INTO CTPN(MAPN,MASP,SL) VALUES('10','AT12','30')
GO
